Store,Date,Base_Sim_Price,Price_Multiplier,Simulated_Price,Predicted_Demand,Predicted_Revenue
1,2012-10-26,84.11,0.8,67.288,1572757.0442784093,105827675.9954056
2,2012-10-26,86.4,0.8,69.12,1889182.751370796,130580311.77474943
3,2012-10-26,83.14,0.8,66.512,437846.95768554125,29122076.84958072
4,2012-10-26,81.32,0.8,65.056,2232610.425689055,145244703.85362718
5,2012-10-26,78.45,0.8,62.760000000000005,354307.23049615737,22236321.785938837
6,2012-10-26,87.67,0.8,70.13600000000001,1505523.8600444363,105591421.4480766
7,2012-10-26,92.63,0.8,74.104,532781.0847887206,39481209.50718335
8,2012-10-26,83.29,0.8,66.632,949976.9619760866,63298864.930390604
9,2012-10-26,83.83,0.8,67.06400000000001,599372.0652605429,40196288.184633054
10,2012-10-26,87.3,0.8,69.84,1811122.5298425234,126488797.48420183
11,2012-10-26,87.53,0.8,70.024,1341735.507470411,93953687.17510806
12,2012-10-26,87.24,0.8,69.792,982894.8833785834,68598199.70075808
13,2012-10-26,91.93,0.8,73.54400000000001,2056240.2576302576,151224133.50715968
14,2012-10-26,90.94,0.8,72.752,1686763.9342919737,122715449.74760966
15,2012-10-26,93.41,0.8,74.728,576252.5182205422,43062198.18158468
16,2012-10-26,92.06,0.8,73.64800000000001,579537.1014994654,42681748.451232634
17,2012-10-26,85.49,0.8,68.392,997700.8503758201,68234756.55890308
18,2012-10-26,95.07,0.8,76.056,1059310.4976884427,80566919.2121922
19,2012-10-26,92.41,0.8,73.928,1373245.501779148,101521293.45552884
20,2012-10-26,84.46,0.8,67.568,2041866.0398174825,137964804.57838765
21,2012-10-26,88.79,0.8,71.03200000000001,682006.034645954,48444252.65297142
22,2012-10-26,96.84,0.8,77.47200000000001,1007973.0907411386,78089691.2858975
23,2012-10-26,85.47,0.8,68.376,1429960.2000371513,97774958.63774027
24,2012-10-26,99.19,0.8,79.352,1334428.6640853407,105889583.35249996
25,2012-10-26,93.08,0.8,74.464,691719.7548137429,51508219.822450556
26,2012-10-26,88.71,0.8,70.968,1039188.7120374257,73749144.51587203
27,2012-10-26,96.03,0.8,76.82400000000001,1686936.8194567247,129597234.21794344
28,2012-10-26,99.09,0.8,79.272,1211502.5209916402,96038227.8440493
29,2012-10-26,101.55,0.8,81.24000000000001,526194.0143112469,42748001.72264571
30,2012-10-26,96.91,0.8,77.528,436251.4753676815,33821704.382305615
31,2012-10-26,88.86,0.8,71.08800000000001,1397591.0464141415,99351952.3074885
32,2012-10-26,103.17,0.8,82.536,1242627.3174555185,102561488.27350868
33,2012-10-26,99.63,0.8,79.70400000000001,266524.82597903936,21243094.729833357
34,2012-10-26,97.8,0.8,78.24000000000001,968881.4978407724,75805288.39106204
35,2012-10-26,96.58,0.8,77.26400000000001,860896.9224259626,66516339.81431959
36,2012-10-26,100.13,0.8,80.104,295080.71485160233,23637145.582472753
37,2012-10-26,101.6,0.8,81.28,544780.6395808745,44279770.385133475
38,2012-10-26,97.18,0.8,77.74400000000001,431244.25461713044,33526653.330954194
39,2012-10-26,90.0,0.8,72.0,1579815.1742368913,113746692.54505618
40,2012-10-26,102.43,0.8,81.94400000000002,975102.0937588518,79903765.97097537
41,2012-10-26,95.95,0.8,76.76,1384988.533080187,106311719.79923515
42,2012-10-26,104.54,0.8,83.632,579472.801255293,48462469.31458266
43,2012-10-26,100.92,0.8,80.736,632110.7992138702,51034097.48533103
44,2012-10-26,111.76,0.8,89.40800000000002,351172.82498614717,31397659.93636145
45,2012-10-26,105.01,0.8,84.00800000000001,750156.1192043563,63019115.26211958
1,2012-10-26,84.11,0.8200000000000001,68.9702,1572757.0442784093,108473367.89529076
2,2012-10-26,86.4,0.8200000000000001,70.84800000000001,1889182.751370796,133844819.56911819
3,2012-10-26,83.14,0.8200000000000001,68.1748,441112.5528404148,30072760.067384712
4,2012-10-26,81.32,0.8200000000000001,66.6824,2232610.425689055,148875821.44996786
5,2012-10-26,78.45,0.8200000000000001,64.32900000000001,354307.23049615737,22792229.83058731
6,2012-10-26,87.67,0.8200000000000001,71.88940000000001,1505523.8600444363,108231206.98427851
7,2012-10-26,92.63,0.8200000000000001,75.95660000000001,532978.1697119288,40483209.645541094
8,2012-10-26,83.29,0.8200000000000001,68.29780000000001,946581.9515293459,64649464.80916097
9,2012-10-26,83.83,0.8200000000000001,68.7406,599372.0652605429,41201195.38924888
10,2012-10-26,87.3,0.8200000000000001,71.586,1811122.5298425234,129651017.42130688
11,2012-10-26,87.53,0.8200000000000001,71.7746,1341735.507470411,96302529.35448577
12,2012-10-26,87.24,0.8200000000000001,71.5368,982894.8833785834,70313154.69327705
13,2012-10-26,91.93,0.8200000000000001,75.38260000000001,2029084.9376463068,152957698.22061652
14,2012-10-26,90.94,0.8200000000000001,74.5708,1658436.7035423494,123670951.73251584
15,2012-10-26,93.41,0.8200000000000001,76.5962,576252.5182205422,44138753.1361243
16,2012-10-26,92.06,0.8200000000000001,75.48920000000001,551406.9556730496,41625269.95819398
17,2012-10-26,85.49,0.8200000000000001,70.1018,997700.8503758201,69940625.47287565
18,2012-10-26,95.07,0.8200000000000001,77.9574,1059310.4976884427,82581092.19249701
19,2012-10-26,92.41,0.8200000000000001,75.7762,1373442.586702356,104074260.13847508
20,2012-10-26,84.46,0.8200000000000001,69.2572,2041866.0398174825,141413924.69284734
21,2012-10-26,88.79,0.8200000000000001,72.80780000000001,682006.034645954,49655358.9692957
22,2012-10-26,96.84,0.8200000000000001,79.40880000000001,1007973.0907411386,80041933.56804493
23,2012-10-26,85.47,0.8200000000000001,70.0854,1429960.2000371513,100219332.60368377
24,2012-10-26,99.19,0.8200000000000001,81.3358,1334428.6640853407,108536822.93631247
25,2012-10-26,93.08,0.8200000000000001,76.32560000000001,691916.8397369512,52810967.94302665
26,2012-10-26,88.71,0.8200000000000001,72.7422,1039188.7120374257,75592873.12876883
27,2012-10-26,96.03,0.8200000000000001,78.7446,1686936.8194567247,132837165.07339202
28,2012-10-26,99.09,0.8200000000000001,81.25380000000001,1213847.8425628499,98629749.8300333
29,2012-10-26,101.55,0.8200000000000001,83.271,526194.0143112469,43816701.765711844
30,2012-10-26,96.91,0.8200000000000001,79.4662,436251.4753676815,34667246.99186325
31,2012-10-26,88.86,0.8200000000000001,72.8652,1397591.0464141415,101835751.11517571
32,2012-10-26,103.17,0.8200000000000001,84.5994,1242627.3174555185,105125525.4803464
33,2012-10-26,99.63,0.8200000000000001,81.6966,266524.82597903936,21774172.09807919
34,2012-10-26,97.8,0.8200000000000001,80.196,971226.819411982,77888506.0095633
35,2012-10-26,96.58,0.8200000000000001,79.1956,860896.9224259626,68179248.30967757
36,2012-10-26,100.13,0.8200000000000001,82.1066,295080.71485160233,24228074.222034574
37,2012-10-26,101.6,0.8200000000000001,83.312,544780.6395808745,45386764.644761816
38,2012-10-26,97.18,0.8200000000000001,79.68760000000002,433589.5761883401,34551712.71146598
39,2012-10-26,90.0,0.8200000000000001,73.80000000000001,1551487.943487267,114499810.22936033
40,2012-10-26,102.43,0.8200000000000001,83.99260000000001,975102.0937588518,81901360.12024975
41,2012-10-26,95.95,0.8200000000000001,78.679,1384988.533080187,108969512.79421604
42,2012-10-26,104.54,0.8200000000000001,85.7228,579472.801255293,49674031.047447234
43,2012-10-26,100.92,0.8200000000000001,82.7544,632110.7992138702,52309949.9224643
44,2012-10-26,111.76,0.8200000000000001,91.64320000000001,351172.82498614717,32182601.434770484
45,2012-10-26,105.01,0.8200000000000001,86.10820000000001,750600.4257495004,64632851.58052314
1,2012-10-26,84.11,0.8400000000000001,70.6524,1572757.0442784093,111119059.79517588
2,2012-10-26,86.4,0.8400000000000001,72.57600000000001,1889182.751370796,137109327.36348692
3,2012-10-26,83.14,0.8400000000000001,69.83760000000001,441112.5528404148,30806242.020247757
4,2012-10-26,81.32,0.8400000000000001,68.3088,2232610.425689055,152506939.04630855
5,2012-10-26,78.45,0.8400000000000001,65.89800000000001,350912.2200494167,23124413.476816464
6,2012-10-26,87.67,0.8400000000000001,73.64280000000001,1522443.102115987,112116972.88050723
7,2012-10-26,92.63,0.8400000000000001,77.8092,532978.1697119288,41470605.00274941
8,2012-10-26,83.29,0.8400000000000001,69.96360000000001,946581.9515293459,66226281.02401856
9,2012-10-26,83.83,0.8400000000000001,70.41720000000001,599372.0652605429,42206102.59386471
10,2012-10-26,87.3,0.8400000000000001,73.33200000000001,1811122.5298425234,132813237.35841194
11,2012-10-26,87.53,0.8400000000000001,73.52520000000001,1341735.507470411,98651371.53386348
12,2012-10-26,87.24,0.8400000000000001,73.2816,983339.1899237274,72060669.18031462
13,2012-10-26,91.93,0.8400000000000001,77.22120000000001,2029084.9376463068,156688373.786973
14,2012-10-26,90.94,0.8400000000000001,76.3896,1658798.873694889,126714982.4420031
15,2012-10-26,93.41,0.8400000000000001,78.4644,576252.5182205422,45215308.09066391
16,2012-10-26,92.06,0.8400000000000001,77.33040000000001,551406.9556730496,42640520.4449792
17,2012-10-26,85.49,0.8400000000000001,71.8116,991080.7378829588,71171093.51655589
18,2012-10-26,95.07,0.8400000000000001,79.8588,1059310.4976884427,84595265.17280181
19,2012-10-26,92.41,0.8400000000000001,77.62440000000001,1373442.586702356,106612656.72721839
20,2012-10-26,84.46,0.8400000000000001,70.9464,2041866.0398174825,144863044.80730703
21,2012-10-26,88.79,0.8400000000000001,74.58360000000002,653678.8038963298,48753718.43828232
22,2012-10-26,96.84,0.8400000000000001,81.3456,1007973.0907411386,81994175.85019237
23,2012-10-26,85.47,0.8400000000000001,71.79480000000001,1429960.2000371513,102663706.56962729
24,2012-10-26,99.19,0.8400000000000001,83.31960000000001,1334428.6640853407,111184062.52012496
25,2012-10-26,93.08,0.8400000000000001,78.1872,691916.8397369512,54099040.33188095
26,2012-10-26,88.71,0.8400000000000001,74.5164,1010861.4812878015,75325758.48423433
27,2012-10-26,96.03,0.8400000000000001,80.66520000000001,1686936.8194567247,136077095.9288406
28,2012-10-26,99.09,0.8400000000000001,83.2356,1213847.8425628499,101035353.48442435
29,2012-10-26,101.55,0.8400000000000001,85.302,526194.0143112469,44885401.80877799
30,2012-10-26,96.91,0.8400000000000001,81.40440000000001,436251.4753676815,35512789.601420894
31,2012-10-26,88.86,0.8400000000000001,74.64240000000001,1369263.8156645172,102205137.43435717
32,2012-10-26,103.17,0.8400000000000001,86.6628,1242627.3174555185,107689562.68718411
33,2012-10-26,99.63,0.8400000000000001,83.6892,266524.82597903936,22305249.466325022
34,2012-10-26,97.8,0.8400000000000001,82.152,971226.819411982,79788225.66833314
35,2012-10-26,96.58,0.8400000000000001,81.1272,860896.9224259626,69842156.80503556
36,2012-10-26,100.13,0.8400000000000001,84.1092,295080.71485160233,24819002.86159639
37,2012-10-26,101.6,0.8400000000000001,85.34400000000001,544780.6395808745,46493758.904390156
38,2012-10-26,97.18,0.8400000000000001,81.6312,433589.5761883401,35394437.41174563
39,2012-10-26,90.0,0.8400000000000001,75.60000000000001,1551850.1136398066,117319868.59116939
40,2012-10-26,102.43,0.8400000000000001,86.04120000000002,970993.2001295735,83545420.13098867
41,2012-10-26,95.95,0.8400000000000001,80.59800000000001,1384988.533080187,111627305.78919692
42,2012-10-26,104.54,0.8400000000000001,87.81360000000001,579472.801255293,50885592.7803118
43,2012-10-26,100.92,0.8400000000000001,84.7728,632555.1057590143,53623467.469487764
44,2012-10-26,111.76,0.8400000000000001,93.87840000000001,351172.82498614717,32967542.933179524
45,2012-10-26,105.01,0.8400000000000001,88.20840000000001,750600.4257495004,66209262.59468224
1,2012-10-26,84.11,0.86,72.3346,1572757.0442784093,113764751.69506101
2,2012-10-26,86.4,0.86,74.304,1866763.9165860265,138708026.05800813
3,2012-10-26,83.14,0.86,71.5004,441112.5528404148,31539723.973110795
4,2012-10-26,81.32,0.86,69.9352,2232610.425689055,156138056.6426492
5,2012-10-26,78.45,0.86,67.467,350912.2200494167,23674994.750073995
6,2012-10-26,87.67,0.86,75.3962,1478024.7741254428,111437451.4749167
7,2012-10-26,92.63,0.86,79.6618,532978.1697119288,42458000.35995773
8,2012-10-26,83.29,0.86,71.6294,946581.9515293459,67803097.23887613
9,2012-10-26,83.83,0.86,72.0938,595977.0548138022,42966250.594335295
10,2012-10-26,87.3,0.86,75.078,1783157.4692454387,133875896.47600906
11,2012-10-26,87.53,0.86,75.2758,1313605.361643995,98882694.48204103
12,2012-10-26,87.24,0.86,75.0264,955209.0440973114,71665895.82606253
13,2012-10-26,91.93,0.86,79.05980000000001,2029084.9376463068,160419049.3533295
14,2012-10-26,90.94,0.86,78.2084,1658798.873694889,129732005.83347936
15,2012-10-26,93.41,0.86,80.3326,576252.5182205422,46291863.04520353
16,2012-10-26,92.06,0.86,79.1716,551406.9556730496,43655770.93176441
17,2012-10-26,85.49,0.86,73.5214,995013.5766270695,73154791.17262943
18,2012-10-26,95.07,0.86,81.7602,1059310.4976884427,86609438.15310661
19,2012-10-26,92.41,0.86,79.4726,1373442.586702356,109151053.31596167
20,2012-10-26,84.46,0.86,72.6356,2041866.0398174825,148312164.92176673
21,2012-10-26,88.79,0.86,76.35940000000001,653875.888819538,49929570.54472664
22,2012-10-26,96.84,0.86,83.2824,1007973.0907411386,83946418.13233979
23,2012-10-26,85.47,0.86,73.5042,1429960.2000371513,105108080.53557077
24,2012-10-26,99.19,0.86,85.3034,1335942.4893164888,113960436.54316017
25,2012-10-26,93.08,0.86,80.0488,691916.8397369512,55387112.72073526
26,2012-10-26,88.71,0.86,76.2906,1011058.5662110097,77134264.65137766
27,2012-10-26,96.03,0.86,82.5858,1686936.8194567247,139317026.78428918
28,2012-10-26,99.09,0.86,85.2174,1213847.8425628499,103440957.1388154
29,2012-10-26,101.55,0.86,87.333,524931.6374482454,45843854.69326761
30,2012-10-26,96.91,0.86,83.34259999999999,436251.4753676815,36358332.21097852
31,2012-10-26,88.86,0.86,76.4196,1369460.9005877255,104653654.23855375
32,2012-10-26,103.17,0.86,88.7262,1242627.3174555185,110253599.89402184
33,2012-10-26,99.63,0.86,85.6818,266524.82597903936,22836326.834570855
34,2012-10-26,97.8,0.86,84.10799999999999,971671.125957126,81725315.06200194
35,2012-10-26,96.58,0.86,83.05879999999999,860896.9224259626,71505065.30039354
36,2012-10-26,100.13,0.86,86.11179999999999,295080.71485160233,25409931.501158208
37,2012-10-26,101.6,0.86,87.37599999999999,544780.6395808745,47600753.16401848
38,2012-10-26,97.18,0.86,83.57480000000001,433589.5761883401,36237162.11202529
39,2012-10-26,90.0,0.86,77.4,1551850.1136398066,120113198.79572104
40,2012-10-26,102.43,0.86,88.08980000000001,970993.2001295735,85534596.80077411
41,2012-10-26,95.95,0.86,82.517,1384988.533080187,114285098.78417778
42,2012-10-26,104.54,0.86,89.90440000000001,579472.801255293,52097154.51317637
43,2012-10-26,100.92,0.86,86.7912,632555.1057590143,54900216.69495176
44,2012-10-26,111.76,0.86,96.1136,351172.82498614717,33752484.43158855
45,2012-10-26,105.01,0.86,90.3086,750600.4257495004,67785673.60884133
1,2012-10-26,84.11,0.88,74.0168,1550338.2094936396,114751073.18444884
2,2012-10-26,86.4,0.88,76.03200000000001,1867935.8273517,142022896.8252045
3,2012-10-26,83.14,0.88,73.1632,441112.5528404148,32273205.925973836
4,2012-10-26,81.32,0.88,71.5616,2232610.425689055,159769174.2389899
5,2012-10-26,78.45,0.88,69.036,350912.2200494167,24225576.02333153
6,2012-10-26,87.67,0.88,77.1496,1484217.438084295,114506781.66122814
7,2012-10-26,92.63,0.88,81.5144,532978.1697119288,43445395.717166044
8,2012-10-26,83.29,0.88,73.29520000000001,946581.9515293459,69379913.45373373
9,2012-10-26,83.83,0.88,73.7704,567649.824064178,41875754.581144035
10,2012-10-26,87.3,0.88,76.824,1783157.4692454387,136989289.41731158
11,2012-10-26,87.53,0.88,77.0264,1313605.361643995,101182292.028135
12,2012-10-26,87.24,0.88,76.7712,955209.0440973114,73332544.5662035
13,2012-10-26,91.93,0.88,80.89840000000001,2031430.2592175165,164339457.68228236
14,2012-10-26,90.94,0.88,80.0272,1658798.873694889,132749029.22495562
15,2012-10-26,93.41,0.88,82.2008,576252.5182205422,47368417.99974315
16,2012-10-26,92.06,0.88,81.0128,551406.9556730496,44671021.41854963
17,2012-10-26,85.49,0.88,75.2312,962729.5605273471,72427300.11394496
18,2012-10-26,95.07,0.88,83.66159999999999,1059310.4976884427,88623611.13341141
19,2012-10-26,92.41,0.88,81.32079999999999,1373442.586702356,111689449.90470494
20,2012-10-26,84.46,0.88,74.3248,2013538.8090678582,149655869.27620673
21,2012-10-26,88.79,0.88,78.13520000000001,653875.888819538,51090723.34809238
22,2012-10-26,96.84,0.88,85.2192,1007973.0907411386,85898660.41448724
23,2012-10-26,85.47,0.88,75.2136,1401830.0542107353,105436684.96538456
24,2012-10-26,99.19,0.88,87.2872,1335942.4893164888,116610679.25346622
25,2012-10-26,93.08,0.88,81.9104,691916.8397369512,56675185.10958956
26,2012-10-26,88.71,0.88,78.06479999999999,1011058.5662110097,78928084.75954923
27,2012-10-26,96.03,0.88,84.5064,1688130.791652218,142657855.93167898
28,2012-10-26,99.09,0.88,87.1992,1210660.426397992,105568620.6535638
29,2012-10-26,101.55,0.88,89.364,524931.6374482454,46909990.84892501
30,2012-10-26,96.91,0.88,85.2808,436251.4753676815,37203874.82053617
31,2012-10-26,88.86,0.88,78.1968,1369460.9005877255,107087460.15107824
32,2012-10-26,103.17,0.88,90.78960000000001,1242627.3174555185,112817637.10085955
33,2012-10-26,99.63,0.88,87.67439999999999,266524.82597903936,23367404.202816688
34,2012-10-26,97.8,0.88,86.064,971671.125957126,83625903.78437409
35,2012-10-26,96.58,0.88,84.9904,861341.2289711067,73205735.58674595
36,2012-10-26,100.13,0.88,88.1144,295080.71485160233,26000860.14072003
37,2012-10-26,101.6,0.88,89.408,544780.6395808745,48707747.42364682
38,2012-10-26,97.18,0.88,85.5184,433589.5761883401,37079886.812304944
39,2012-10-26,90.0,0.88,79.2,1551850.1136398066,122906529.00027269
40,2012-10-26,102.43,0.88,90.1384,970993.2001295735,87523773.47055955
41,2012-10-26,95.95,0.88,84.436,1384988.533080187,116942891.77915867
42,2012-10-26,104.54,0.88,91.99520000000001,579472.801255293,53308716.24604093
43,2012-10-26,100.92,0.88,88.8096,632555.1057590143,56176965.92041575
44,2012-10-26,111.76,0.88,98.34880000000001,351172.82498614717,34537425.92999759
45,2012-10-26,105.01,0.88,92.4088,749338.0488864997,69245429.89194277
1,2012-10-26,84.11,0.9,75.699,1550700.3796461793,117386468.03883612
2,2012-10-26,86.4,0.9,77.76,1867935.8273517,145250689.93486822
3,2012-10-26,83.14,0.9,74.82600000000001,420233.5794142829,31444397.81325314
4,2012-10-26,81.32,0.9,73.188,2232610.425689055,163400291.83533058
5,2012-10-26,78.45,0.9,70.605,350912.2200494167,24776157.29658907
6,2012-10-26,87.67,0.9,78.903,1484217.438084295,117109208.51716514
7,2012-10-26,92.63,0.9,83.367,532978.1697119288,44432791.07437437
8,2012-10-26,83.29,0.9,74.96100000000001,918451.80570293,68848065.80729735
9,2012-10-26,83.83,0.9,75.447,567846.9089873863,42842345.742371336
10,2012-10-26,87.3,0.9,78.57,1783157.4692454387,140102682.35861412
11,2012-10-26,87.53,0.9,78.777,1313605.361643995,103481889.57422899
12,2012-10-26,87.24,0.9,78.51599999999999,954433.554288165,74938304.94848955
13,2012-10-26,91.93,0.9,82.73700000000001,2031430.2592175165,168074445.35687968
14,2012-10-26,90.94,0.9,81.846,1658798.873694889,135766052.6164319
15,2012-10-26,93.41,0.9,84.069,576252.5182205422,48444972.95428277
16,2012-10-26,92.06,0.9,82.854,551406.9556730496,45686271.905334845
17,2012-10-26,85.49,0.9,76.941,962729.5605273471,74073375.11653462
18,2012-10-26,95.07,0.9,85.563,1059310.4976884427,90637784.11371623
19,2012-10-26,92.41,0.9,83.169,1373442.586702356,114227846.49344826
20,2012-10-26,84.46,0.9,76.014,2014710.7198335316,153146220.65742606
21,2012-10-26,88.79,0.9,79.911,653875.888819538,52251876.15145811
22,2012-10-26,96.84,0.9,87.156,1007973.0907411386,87850902.69663468
23,2012-10-26,85.47,0.9,76.923,1401830.0542107353,107832973.26005238
24,2012-10-26,99.19,0.9,89.271,1335942.4893164888,119260921.96377228
25,2012-10-26,93.08,0.9,83.772,691916.8397369512,57963257.49844388
26,2012-10-26,88.71,0.9,79.839,1011058.5662110097,80721904.86772081
27,2012-10-26,96.03,0.9,86.427,1688130.791652218,145900079.93012625
28,2012-10-26,99.09,0.9,89.18100000000001,1210660.426397992,107967907.48659934
29,2012-10-26,101.55,0.9,91.395,524931.6374482454,47976127.00458239
30,2012-10-26,96.91,0.9,87.219,436251.4753676815,38049417.43009381
31,2012-10-26,88.86,0.9,79.974,1369460.9005877255,109521266.06360276
32,2012-10-26,103.17,0.9,92.85300000000001,1242627.3174555185,115381674.30769727
33,2012-10-26,99.63,0.9,89.667,266524.82597903936,23898481.571062524
34,2012-10-26,97.8,0.9,88.02,971671.125957126,85526492.50674623
35,2012-10-26,96.58,0.9,86.922,861341.2289711067,74869502.30462654
36,2012-10-26,100.13,0.9,90.117,295080.71485160233,26591788.78028185
37,2012-10-26,101.6,0.9,91.44,544780.6395808745,49814741.68327516
38,2012-10-26,97.18,0.9,87.462,433589.5761883401,37922611.512584604
39,2012-10-26,90.0,0.9,81.0,1551850.1136398066,125699859.20482434
40,2012-10-26,102.43,0.9,92.18700000000001,970993.2001295735,89512950.140345
41,2012-10-26,95.95,0.9,86.355,1384988.533080187,119600684.77413955
42,2012-10-26,104.54,0.9,94.08600000000001,579472.801255293,54520277.9789055
43,2012-10-26,100.92,0.9,90.828,631846.1549192097,57389322.559001975
44,2012-10-26,111.76,0.9,100.584,351172.82498614717,35322367.428406626
45,2012-10-26,105.01,0.9,94.509,749338.0488864997,70819189.6622142
1,2012-10-26,84.11,0.92,77.3812,1550700.3796461793,119995056.21747693
2,2012-10-26,86.4,0.92,79.48800000000001,1867935.8273517,148478483.04453197
3,2012-10-26,83.14,0.92,76.4888,420233.5794142829,32143162.209103204
4,2012-10-26,81.32,0.92,74.81439999999999,2212706.278105388,165542292.57268772
5,2012-10-26,78.45,0.92,72.174,350912.2200494167,25326738.569846604
6,2012-10-26,87.67,0.92,80.6564,1484217.438084295,119711635.37310214
7,2012-10-26,92.63,0.92,85.2196,532978.1697119288,45420186.43158269
8,2012-10-26,83.29,0.92,76.6268,911831.6932100687,69870744.7892693
9,2012-10-26,83.83,0.92,77.1236,567846.9089873863,43794397.86997958
10,2012-10-26,87.3,0.92,80.316,1785502.7908166484,143404442.14722994
11,2012-10-26,87.53,0.92,80.5276,1313605.361643995,105781487.12032297
12,2012-10-26,87.24,0.92,80.2608,956778.8758593745,76791837.9995741
13,2012-10-26,91.93,0.92,84.57560000000001,2035448.1882792232,172149251.7926283
14,2012-10-26,90.94,0.92,83.6648,1658798.873694889,138783076.00790814
15,2012-10-26,93.41,0.92,85.9372,576252.5182205422,49521527.90882239
16,2012-10-26,92.06,0.92,84.6952,551406.9556730496,46701522.39212006
17,2012-10-26,85.49,0.92,78.6508,962729.5605273471,75719450.11912428
18,2012-10-26,95.07,0.92,87.4644,1059310.4976884427,92651957.09402102
19,2012-10-26,92.41,0.92,85.0172,1373442.586702356,116766243.08219156
20,2012-10-26,84.46,0.92,77.7032,2014710.7198335316,156549470.00536886
21,2012-10-26,88.79,0.92,81.6868,653875.888819538,53413028.954823844
22,2012-10-26,96.84,0.92,89.09280000000001,1007973.0907411386,89803144.97878212
23,2012-10-26,85.47,0.92,78.6324,1401830.0542107353,110229261.55472022
24,2012-10-26,99.19,0.92,91.2548,1329703.6074718898,121341836.75912581
25,2012-10-26,93.08,0.92,85.6336,691916.8397369512,59251329.88729818
26,2012-10-26,88.71,0.92,81.61319999999999,1011058.5662110097,82515724.97589238
27,2012-10-26,96.03,0.92,88.3476,1688130.791652218,149142303.9285735
28,2012-10-26,99.09,0.92,91.1628,1210660.426397992,110367194.31963487
29,2012-10-26,101.55,0.92,93.426,524931.6374482454,49042263.16023978
30,2012-10-26,96.91,0.92,89.1572,436251.4753676815,38894960.03965145
31,2012-10-26,88.86,0.92,81.7512,1369460.9005877255,111955071.97612725
32,2012-10-26,103.17,0.92,94.91640000000001,1242627.3174555185,117945711.514535
33,2012-10-26,99.63,0.92,91.6596,266524.82597903936,24429558.939308356
34,2012-10-26,97.8,0.92,89.976,970962.1751173214,87363292.6683561
35,2012-10-26,96.58,0.92,88.8536,861341.2289711067,76533269.02250713
36,2012-10-26,100.13,0.92,92.1196,295080.71485160233,27182717.419843666
37,2012-10-26,101.6,0.92,93.472,544780.6395808745,50921735.9429035
38,2012-10-26,97.18,0.92,89.4056,433589.5761883401,38765336.212864265
39,2012-10-26,90.0,0.92,82.8,1551850.1136398066,128493189.40937598
40,2012-10-26,102.43,0.92,94.2356,970993.2001295735,91502126.81013043
41,2012-10-26,95.95,0.92,88.274,1384988.533080187,122258477.76912042
42,2012-10-26,104.54,0.92,96.17680000000001,579472.801255293,55731839.711770065
43,2012-10-26,100.92,0.92,92.8464,631846.1549192097,58664640.83809091
44,2012-10-26,111.76,0.92,102.81920000000001,350831.6447859675,36072229.05157735
45,2012-10-26,105.01,0.92,96.60920000000002,749338.0488864997,72392949.43248564
1,2012-10-26,84.11,0.9400000000000001,79.0634,1550700.3796461793,122603644.39611773
2,2012-10-26,86.4,0.9400000000000001,81.21600000000001,1863517.4211761937,151347430.87824577
3,2012-10-26,83.14,0.9400000000000001,78.1516,420233.5794142829,32841926.604953274
4,2012-10-26,81.32,0.9400000000000001,76.4408,2212706.278105388,169141038.06339833
5,2012-10-26,78.45,0.9400000000000001,73.74300000000001,322864.65263599256,23809008.079336002
6,2012-10-26,87.67,0.9400000000000001,82.4098,1484217.438084295,122314062.22903915
7,2012-10-26,92.63,0.9400000000000001,87.0722,532978.1697119288,46407581.78879101
8,2012-10-26,83.29,0.9400000000000001,78.29260000000001,911831.6932100687,71389674.02381864
9,2012-10-26,83.83,0.9400000000000001,78.8002,567846.9089873863,44746449.99758784
10,2012-10-26,87.3,0.9400000000000001,82.062,1785502.7908166484,146521930.0199958
11,2012-10-26,87.53,0.9400000000000001,82.27820000000001,1313605.361643995,108081084.66641696
12,2012-10-26,87.24,0.9400000000000001,82.0056,956778.8758593745,78461225.78217353
13,2012-10-26,91.93,0.9400000000000001,86.41420000000001,2035448.1882792232,175891626.83159846
14,2012-10-26,90.94,0.9400000000000001,85.48360000000001,1661506.6711215305,142031571.67148447
15,2012-10-26,93.41,0.9400000000000001,87.8054,576252.5182205422,50598082.863362
16,2012-10-26,92.06,0.9400000000000001,86.5364,551406.9556730496,47716772.87890529
17,2012-10-26,85.49,0.9400000000000001,80.3606,965074.8820985567,77553996.57036929
18,2012-10-26,95.07,0.9400000000000001,89.3658,1059754.8042335866,94705835.88417785
19,2012-10-26,92.41,0.9400000000000001,86.86540000000001,1373442.586702356,119304639.67093486
20,2012-10-26,84.46,0.9400000000000001,79.3924,2014710.7198335316,159952719.35331166
21,2012-10-26,88.79,0.9400000000000001,83.46260000000001,653875.888819538,54574181.75818958
22,2012-10-26,96.84,0.9400000000000001,91.0296,1007973.0907411386,91755387.26092955
23,2012-10-26,85.47,0.9400000000000001,80.3418,1401830.0542107353,112625549.84938806
24,2012-10-26,99.19,0.9400000000000001,93.2386,1329703.6074718898,123979702.77562855
25,2012-10-26,93.08,0.9400000000000001,87.4952,691916.8397369512,60539402.276152484
26,2012-10-26,88.71,0.9400000000000001,83.3874,1011058.5662110097,84309545.08406395
27,2012-10-26,96.03,0.9400000000000001,90.26820000000001,1688130.791652218,152384527.92702076
28,2012-10-26,99.09,0.9400000000000001,93.14460000000001,1210660.426397992,112766481.15267043
29,2012-10-26,101.55,0.9400000000000001,95.45700000000001,524931.6374482454,50108399.31589717
30,2012-10-26,96.91,0.9400000000000001,91.0954,436251.4753676815,39740502.64920909
31,2012-10-26,88.86,0.9400000000000001,83.5284,1369460.9005877255,114388877.88865177
32,2012-10-26,103.17,0.9400000000000001,96.97980000000001,1242627.3174555185,120509748.72137271
33,2012-10-26,99.63,0.9400000000000001,93.65220000000001,266524.82597903936,24960636.307554193
34,2012-10-26,97.8,0.9400000000000001,91.932,970962.1751173214,89262494.6828856
35,2012-10-26,96.58,0.9400000000000001,90.7852,860787.8029479106,78146792.84818666
36,2012-10-26,100.13,0.9400000000000001,94.1222,295080.71485160233,27773646.059405487
37,2012-10-26,101.6,0.9400000000000001,95.504,544780.6395808745,52028730.20253184
38,2012-10-26,97.18,0.9400000000000001,91.34920000000001,433589.5761883401,39608060.91314392
39,2012-10-26,90.0,0.9400000000000001,84.60000000000001,1553044.0858353,131387529.6616664
40,2012-10-26,102.43,0.9400000000000001,96.28420000000001,964373.0876367122,92853891.24463074
41,2012-10-26,95.95,0.9400000000000001,90.19300000000001,1384988.533080187,124916270.76410131
42,2012-10-26,104.54,0.9400000000000001,98.26760000000002,579472.801255293,56943401.44463464
43,2012-10-26,100.92,0.9400000000000001,94.8648,631846.1549192097,59939959.11717984
44,2012-10-26,111.76,0.9400000000000001,105.05440000000002,349570.34653598326,36723903.01312981
45,2012-10-26,105.01,0.9400000000000001,98.70940000000002,749338.0488864997,73966709.20275706
1,2012-10-26,84.11,0.96,80.7456,1550700.3796461793,125212232.57475853
2,2012-10-26,86.4,0.96,82.944,1863517.4211761937,154567588.98203823
3,2012-10-26,83.14,0.96,79.81439999999999,420233.5794142829,33540691.00080334
4,2012-10-26,81.32,0.96,78.06719999999999,2212706.278105388,172739783.55410892
5,2012-10-26,78.45,0.96,75.312,331597.65635885485,24973282.695698075
6,2012-10-26,87.67,0.96,84.1632,1484217.438084295,124916489.08497614
7,2012-10-26,92.63,0.96,88.92479999999999,532978.1697119288,47394977.14599932
8,2012-10-26,83.29,0.96,79.9584,911610.6616808731,72890929.93094392
9,2012-10-26,83.83,0.96,80.4768,560875.3999233023,45137457.38454761
10,2012-10-26,87.3,0.96,83.80799999999999,1785502.7908166484,149639417.89276165
11,2012-10-26,87.53,0.96,84.0288,1313605.361643995,110380682.21251093
12,2012-10-26,87.24,0.96,83.7504,956778.8758593745,80130613.56477296
13,2012-10-26,91.93,0.96,88.25280000000001,2035448.1882792232,179634001.87056863
14,2012-10-26,90.94,0.96,87.30239999999999,1661506.6711215305,145053520.00492027
15,2012-10-26,93.41,0.96,89.6736,576252.5182205422,51674637.81790161
16,2012-10-26,92.06,0.96,88.3776,551406.9556730496,48732023.36569051
17,2012-10-26,85.49,0.96,82.07039999999999,965074.8820985567,79204081.60378139
18,2012-10-26,95.07,0.96,91.26719999999999,1059754.8042335866,96720853.66894759
19,2012-10-26,92.41,0.96,88.7136,1373442.586702356,121843036.25967814
20,2012-10-26,84.46,0.96,81.0816,2014710.7198335316,163355968.70125446
21,2012-10-26,88.79,0.96,85.2384,653875.888819538,55735334.56155531
22,2012-10-26,96.84,0.96,92.9664,1007973.0907411386,93707629.54307698
23,2012-10-26,85.47,0.96,82.0512,1401830.0542107353,115021838.14405587
24,2012-10-26,99.19,0.96,95.2224,1329703.6074718898,126617568.79213127
25,2012-10-26,93.08,0.96,89.35679999999999,691916.8397369512,61827474.665006794
26,2012-10-26,88.71,0.96,85.16159999999999,1011058.5662110097,86103365.19223551
27,2012-10-26,96.03,0.96,92.1888,1689644.6168833661,155766309.65693727
28,2012-10-26,99.09,0.96,95.1264,1210660.426397992,115165767.98570596
29,2012-10-26,101.55,0.96,97.488,524931.6374482454,51174535.47155455
30,2012-10-26,96.91,0.96,93.03359999999999,436251.4753676815,40586045.258766726
31,2012-10-26,88.86,0.96,85.3056,1369460.9005877255,116822683.80117626
32,2012-10-26,103.17,0.96,99.0432,1240517.659303556,122864838.63393395
33,2012-10-26,99.63,0.96,95.64479999999999,266524.82597903936,25491713.67580002
34,2012-10-26,97.8,0.96,93.88799999999999,970962.1751173214,91161696.69741507
35,2012-10-26,96.58,0.96,92.71679999999999,860078.852108106,79743758.91513684
36,2012-10-26,100.13,0.96,96.1248,295080.71485160233,28364574.6989673
37,2012-10-26,101.6,0.96,97.53599999999999,544780.6395808745,53135724.46216016
38,2012-10-26,97.18,0.96,93.2928,433589.5761883401,40450785.61342357
39,2012-10-26,90.0,0.96,86.39999999999999,1553044.0858353,134183009.0161699
40,2012-10-26,102.43,0.96,98.3328,963220.4319760918,94716162.09341864
41,2012-10-26,95.95,0.96,92.112,1384988.533080187,127574063.75908217
42,2012-10-26,104.54,0.96,100.3584,579472.801255293,58154963.1774992
43,2012-10-26,100.92,0.96,96.8832,631846.1549192097,61215277.39626878
44,2012-10-26,111.76,0.96,107.28960000000001,349570.34653598326,37505262.65170703
45,2012-10-26,105.01,0.96,100.8096,749338.0488864997,75540468.97302848
1,2012-10-26,84.11,0.98,82.4278,1550700.3796461793,127820820.75339934
2,2012-10-26,86.4,0.98,84.672,1863989.3751356646,157827708.371487
3,2012-10-26,83.14,0.98,81.4772,420233.5794142829,34239455.396653414
4,2012-10-26,81.32,0.98,79.69359999999999,2215051.5996765974,176525436.16398686
5,2012-10-26,78.45,0.98,76.881,331597.65635885485,25493559.41852512
6,2012-10-26,87.67,0.98,85.9166,1484217.438084295,127518915.94091314
7,2012-10-26,92.63,0.98,90.7774,532978.1697119288,48382372.50320765
8,2012-10-26,83.29,0.98,81.6242,911610.6616808731,74409490.97117193
9,2012-10-26,83.83,0.98,82.15339999999999,570393.0658221823,46859729.69371607
10,2012-10-26,87.3,0.98,85.554,1786696.7630121417,152859054.86274078
11,2012-10-26,87.53,0.98,85.7794,1313605.361643995,112680279.7586049
12,2012-10-26,87.24,0.98,85.4952,956778.8758593745,81800001.3473724
13,2012-10-26,91.93,0.98,90.09140000000001,2035448.1882792232,183376376.90953884
14,2012-10-26,90.94,0.98,89.1212,1661506.6711215305,148075468.33835614
15,2012-10-26,93.41,0.98,91.5418,576252.5182205422,52751192.77244123
16,2012-10-26,92.06,0.98,90.2188,551406.9556730496,49747273.852475725
17,2012-10-26,85.49,0.98,83.7802,965074.8820985567,80854166.6371935
18,2012-10-26,95.07,0.98,93.1686,1059754.8042335866,98735871.45371734
19,2012-10-26,92.41,0.98,90.56179999999999,1373442.586702356,124381432.84842142
20,2012-10-26,84.46,0.98,82.7708,2021572.2320138365,167327150.90157086
21,2012-10-26,88.79,0.98,87.0142,653875.888819538,56896487.36492105
22,2012-10-26,96.84,0.98,94.9032,1007973.0907411386,95659871.82522441
23,2012-10-26,85.47,0.98,83.7606,1401830.0542107353,117418126.43872371
24,2012-10-26,99.19,0.98,97.2062,1329703.6074718898,129255434.80863401
25,2012-10-26,93.08,0.98,91.2184,691916.8397369512,63115547.05386111
26,2012-10-26,88.71,0.98,86.93579999999999,1011058.5662110097,87897185.30040708
27,2012-10-26,96.03,0.98,94.1094,1689644.6168833661,159011441.10812345
28,2012-10-26,99.09,0.98,97.1082,1210660.426397992,117565054.81874149
29,2012-10-26,101.55,0.98,99.51899999999999,524931.6374482454,52240671.62721193
30,2012-10-26,96.91,0.98,94.9718,436251.4753676815,41431587.86832437
31,2012-10-26,88.86,0.98,87.08279999999999,1369460.9005877255,119256489.71370077
32,2012-10-26,103.17,0.98,101.1066,1240517.659303556,125424522.7721409
33,2012-10-26,99.63,0.98,97.6374,266524.82597903936,26022791.044045858
34,2012-10-26,97.8,0.98,95.844,970962.1751173214,93060898.71194455
35,2012-10-26,96.58,0.98,94.6484,860078.852108106,81405087.22586885
36,2012-10-26,100.13,0.98,98.1274,295080.71485160233,28955503.33852912
37,2012-10-26,101.6,0.98,99.568,544780.6395808745,54242718.72178851
38,2012-10-26,97.18,0.98,95.2364,433589.5761883401,41293510.31370323
39,2012-10-26,90.0,0.98,88.2,1553044.0858353,136978488.37067345
40,2012-10-26,102.43,0.98,100.3814,963220.4319760918,96689415.47036487
41,2012-10-26,95.95,0.98,94.031,1384988.533080187,130231856.75406307
42,2012-10-26,104.54,0.98,102.4492,579472.801255293,59366524.91036376
43,2012-10-26,100.92,0.98,98.9016,631846.1549192097,62490595.67535771
44,2012-10-26,111.76,0.98,109.5248,349570.34653598326,38286622.29028426
45,2012-10-26,105.01,0.98,102.9098,748996.86868632,77079117.95713545
1,2012-10-26,84.11,1.0,84.11,1551172.33360565,130469104.97957122
2,2012-10-26,86.4,1.0,86.4,1858218.5247467293,160550080.5381174
3,2012-10-26,83.14,1.0,83.14,420233.5794142829,34938219.79250348
4,2012-10-26,81.32,1.0,81.32,2215051.5996765974,180127996.0857009
5,2012-10-26,78.45,1.0,78.45,331597.65635885485,26013836.14135216
6,2012-10-26,87.67,1.0,87.67,1484217.438084295,130121342.79685014
7,2012-10-26,92.63,1.0,92.63,532978.1697119288,49369767.860415965
8,2012-10-26,83.29,1.0,83.29,911610.6616808731,75928052.01139992
9,2012-10-26,83.83,1.0,83.83,564140.9950781759,47291939.617403485
10,2012-10-26,87.3,1.0,87.3,1786696.7630121417,155978627.41095996
11,2012-10-26,87.53,1.0,87.53,1313605.361643995,114979877.30469888
12,2012-10-26,87.24,1.0,87.24,956778.8758593745,83469389.12997183
13,2012-10-26,91.93,1.0,91.93,2035448.1882792232,187118751.948509
14,2012-10-26,90.94,1.0,90.94,1660953.2450983345,151047088.10924253
15,2012-10-26,93.41,1.0,93.41,576696.8247656863,53869250.401362754
16,2012-10-26,92.06,1.0,92.06,551406.9556730496,50762524.33926094
17,2012-10-26,85.49,1.0,85.49,965074.8820985567,82504251.67060561
18,2012-10-26,95.07,1.0,95.07,1059201.3782103907,100698275.02646184
19,2012-10-26,92.41,1.0,92.41,1374956.4119335043,127059722.02677512
20,2012-10-26,84.46,1.0,84.46,2023713.9051249304,170922876.4268516
21,2012-10-26,88.79,1.0,88.79,653875.888819538,58057640.168286785
22,2012-10-26,96.84,1.0,96.84,1007973.0907411386,97612114.10737187
23,2012-10-26,85.47,1.0,85.47,1397721.160581457,119463227.59489712
24,2012-10-26,99.19,1.0,99.19,1329703.6074718898,131893300.82513675
25,2012-10-26,93.08,1.0,93.08,691916.8397369512,64403619.442715414
26,2012-10-26,88.71,1.0,88.71,1011058.5662110097,89691005.40857866
27,2012-10-26,96.03,1.0,96.03,1689644.6168833661,162256572.55930966
28,2012-10-26,99.09,1.0,99.09,1210660.426397992,119964341.65177704
29,2012-10-26,101.55,1.0,101.55,524931.6374482454,53306807.782869324
30,2012-10-26,96.91,1.0,96.91,436251.4753676815,42277130.47788201
31,2012-10-26,88.86,1.0,88.86,1369460.9005877255,121690295.62622528
32,2012-10-26,103.17,1.0,103.17,1236153.4556705395,127533952.02152957
33,2012-10-26,99.63,1.0,99.63,266524.82597903936,26553868.41229169
34,2012-10-26,97.8,1.0,97.8,970962.1751173214,94960100.72647403
35,2012-10-26,96.58,1.0,96.58,860078.852108106,83066415.53660087
36,2012-10-26,100.13,1.0,100.13,295080.71485160233,29546431.97809094
37,2012-10-26,101.6,1.0,101.6,544780.6395808745,55349712.981416844
38,2012-10-26,97.18,1.0,97.18,433589.5761883401,42136235.01398289
39,2012-10-26,90.0,1.0,90.0,1553044.0858353,139773967.725177
40,2012-10-26,102.43,1.0,102.43,963220.4319760918,98662668.8473111
41,2012-10-26,95.95,1.0,95.95,1384988.533080187,132889649.74904394
42,2012-10-26,104.54,1.0,104.54,577937.49112756,60417585.32247513
43,2012-10-26,100.92,1.0,100.92,631846.1549192097,63765913.954446636
44,2012-10-26,111.76,1.0,111.76,349570.34653598326,39067981.92886149
45,2012-10-26,105.01,1.0,105.01,747802.7387587668,78526765.5970581
1,2012-10-26,84.11,1.02,85.7922,1551172.33360565,133078487.07916264
2,2012-10-26,86.4,1.02,88.12800000000001,1858218.5247467293,163761082.1488798
3,2012-10-26,83.14,1.02,84.8028,420233.5794142829,35636984.18835355
4,2012-10-26,81.32,1.02,82.9464,2215051.5996765974,183730556.0074149
5,2012-10-26,78.45,1.02,80.019,331597.65635885485,26534112.86417921
6,2012-10-26,87.67,1.02,89.4234,1484217.438084295,132723769.65278715
7,2012-10-26,92.63,1.02,94.48259999999999,532978.1697119288,50357163.21762428
8,2012-10-26,83.29,1.02,84.95580000000001,911610.6616808731,77446613.05162793
9,2012-10-26,83.83,1.02,85.5066,564140.9950781759,48237778.40975156
10,2012-10-26,87.3,1.02,89.04599999999999,1786696.7630121417,159098199.95917916
11,2012-10-26,87.53,1.02,89.2806,1313605.361643995,117279474.85079286
12,2012-10-26,87.24,1.02,88.98479999999999,956778.8758593745,85138776.91257127
13,2012-10-26,91.93,1.02,93.7686,2035448.1882792232,190861126.98747918
14,2012-10-26,90.94,1.02,92.7588,1655267.7892769314,153540653.81198102
15,2012-10-26,93.41,1.02,95.2782,576696.8247656863,54946635.40939001
16,2012-10-26,92.06,1.02,93.9012,551406.9556730496,51777774.82604616
17,2012-10-26,85.49,1.02,87.1998,965074.8820985567,84154336.70401773
18,2012-10-26,95.07,1.02,96.97139999999999,1058979.3144244403,102690706.69077815
19,2012-10-26,92.41,1.02,94.2582,1374956.4119335043,129600916.46731064
20,2012-10-26,84.46,1.02,86.1492,2023713.9051249304,174341333.95538864
21,2012-10-26,88.79,1.02,90.56580000000001,653875.888819538,59218792.97165252
22,2012-10-26,96.84,1.02,98.77680000000001,1008417.3972862826,99608243.56826769
23,2012-10-26,85.47,1.02,87.1794,1397721.160581457,121852492.14679506
24,2012-10-26,99.19,1.02,101.1738,1329703.6074718898,134531166.8416395
25,2012-10-26,93.08,1.02,94.9416,691916.8397369512,65691691.83156972
26,2012-10-26,88.71,1.02,90.4842,1011058.5662110097,91484825.51675025
27,2012-10-26,96.03,1.02,97.95060000000001,1689091.1908601702,165447495.5994682
28,2012-10-26,99.09,1.02,101.07180000000001,1210660.426397992,122363628.48481259
29,2012-10-26,101.55,1.02,103.581,528197.8861751418,54711265.24790736
30,2012-10-26,96.91,1.02,98.84819999999999,436251.4753676815,43122673.08743965
31,2012-10-26,88.86,1.02,90.6372,1369460.9005877255,124124101.5387498
32,2012-10-26,103.17,1.02,105.2334,1239603.642587171,130447705.96183279
33,2012-10-26,99.63,1.02,101.62259999999999,266524.82597903936,27084945.780537523
34,2012-10-26,97.8,1.02,99.756,970962.1751173214,96859302.74100351
35,2012-10-26,96.58,1.02,98.5116,860078.852108106,84727743.8473329
36,2012-10-26,100.13,1.02,102.1326,295080.71485160233,30137360.61765276
37,2012-10-26,101.6,1.02,103.63199999999999,543290.3600101941,56302266.588576436
38,2012-10-26,97.18,1.02,99.12360000000001,433589.5761883401,42978959.71426255
39,2012-10-26,90.0,1.02,91.8,1553044.0858353,142569447.07968053
40,2012-10-26,102.43,1.02,104.47860000000001,956832.3792375913,99968507.41741262
41,2012-10-26,95.95,1.02,97.869,1384988.533080187,135547442.7440248
42,2012-10-26,104.54,1.02,106.63080000000001,578381.7976727041,61673313.79127858
43,2012-10-26,100.92,1.02,102.9384,631504.97471903,65006111.689617395
44,2012-10-26,111.76,1.02,113.99520000000001,349570.34653598326,39849341.56743872
45,2012-10-26,105.01,1.02,107.1102,747802.7387587668,80097300.90899926
1,2012-10-26,84.11,1.04,87.4744,1551172.33360565,135687869.1787541
2,2012-10-26,86.4,1.04,89.85600000000001,1858218.5247467293,166972083.75964212
3,2012-10-26,83.14,1.04,86.46560000000001,420233.5794142829,36335748.58420362
4,2012-10-26,81.32,1.04,84.5728,2219151.9208161077,187679891.56879652
5,2012-10-26,78.45,1.04,81.58800000000001,331597.65635885485,27054389.587006252
6,2012-10-26,87.67,1.04,91.1768,1484217.438084295,135326196.50872415
7,2012-10-26,92.63,1.04,96.3352,532978.1697119288,51344558.5748326
8,2012-10-26,83.29,1.04,86.62160000000002,911610.6616808731,78965174.09185593
9,2012-10-26,83.83,1.04,87.1832,564140.9950781759,49183617.20209963
10,2012-10-26,87.3,1.04,90.792,1786696.7630121417,162217772.50739837
11,2012-10-26,87.53,1.04,91.0312,1313605.361643995,119579072.39688683
12,2012-10-26,87.24,1.04,90.72959999999999,956778.8758593745,86808164.6951707
13,2012-10-26,91.93,1.04,95.6072,2035448.1882792232,194603502.02644935
14,2012-10-26,90.94,1.04,94.5776,1655267.7892769314,156551254.8671179
15,2012-10-26,93.41,1.04,97.1464,576696.8247656863,56024020.417417265
16,2012-10-26,92.06,1.04,95.7424,551406.9556730496,52793025.31283138
17,2012-10-26,85.49,1.04,88.9096,965074.8820985567,85804421.73742984
18,2012-10-26,95.07,1.04,98.8728,1058979.3144244403,104704249.95922479
19,2012-10-26,92.41,1.04,96.1064,1374956.4119335043,132142110.90784612
20,2012-10-26,84.46,1.04,87.8384,2023713.9051249304,177759791.48392567
21,2012-10-26,88.79,1.04,92.34160000000001,653875.888819538,60379945.77501827
22,2012-10-26,96.84,1.04,100.71360000000001,1008417.3972862826,101561346.38333176
23,2012-10-26,85.47,1.04,88.8888,1397721.160581457,124241756.69869302
24,2012-10-26,99.19,1.04,103.1576,1320815.3126344176,136252137.6946162
25,2012-10-26,93.08,1.04,96.8032,691916.8397369512,66979764.22042403
26,2012-10-26,88.71,1.04,92.2584,1011058.5662110097,93278645.62492181
27,2012-10-26,96.03,1.04,99.8712,1683405.735038767,168123750.84520373
28,2012-10-26,99.09,1.04,103.0536,1196076.7296930423,123260012.87109491
29,2012-10-26,101.55,1.04,105.612,522829.50096474605,55217069.25588876
30,2012-10-26,96.91,1.04,100.7864,436251.4753676815,43968215.69699729
31,2012-10-26,88.86,1.04,92.4144,1369460.9005877255,126557907.45127429
32,2012-10-26,103.17,1.04,107.2968,1239603.642587171,133005504.11794716
33,2012-10-26,99.63,1.04,103.6152,264989.51585130655,27456941.682836298
34,2012-10-26,97.8,1.04,101.712,970962.1751173214,98758504.755533
35,2012-10-26,96.58,1.04,100.4432,860078.852108106,86389072.15806492
36,2012-10-26,100.13,1.04,104.1352,293590.43528092204,30573098.696065873
37,2012-10-26,101.6,1.04,105.664,543290.3600101941,57406232.600117154
38,2012-10-26,97.18,1.04,101.06720000000001,433589.5761883401,43821684.41454221
39,2012-10-26,90.0,1.04,93.60000000000001,1551360.18648411,145207313.45491272
40,2012-10-26,102.43,1.04,106.52720000000001,956832.3792375913,101928674.22951874
41,2012-10-26,95.95,1.04,99.78800000000001,1384988.533080187,138205235.7390057
42,2012-10-26,104.54,1.04,108.72160000000001,578381.7976727041,62882594.45385267
43,2012-10-26,100.92,1.04,104.9568,630310.8447914767,66155409.274610065
44,2012-10-26,111.76,1.04,116.2304,349570.34653598326,40630701.20601595
45,2012-10-26,105.01,1.04,109.2104,747802.7387587668,81667836.22094043
1,2012-10-26,84.11,1.06,89.1566,1549488.4342544603,138147120.5374512
2,2012-10-26,86.4,1.06,91.58400000000002,1858218.5247467293,170183085.37040448
3,2012-10-26,83.14,1.06,88.1284,420233.5794142829,37034512.98005369
4,2012-10-26,81.32,1.06,86.19919999999999,2219151.9208161077,191289120.25281182
5,2012-10-26,78.45,1.06,83.15700000000001,331597.65635885485,27574666.309833296
6,2012-10-26,87.67,1.06,92.93020000000001,1484217.438084295,137928623.3646612
7,2012-10-26,92.63,1.06,98.1878,533422.4762570729,52375579.41423422
8,2012-10-26,83.29,1.06,88.2874,911610.6616808731,80483735.13208392
9,2012-10-26,83.83,1.06,88.8598,564140.9950781759,50129455.9944477
10,2012-10-26,87.3,1.06,92.538,1786696.7630121417,165337345.05561757
11,2012-10-26,87.53,1.06,92.7818,1313605.361643995,121878669.94298081
12,2012-10-26,87.24,1.06,92.4744,956778.8758593745,88477552.47777015
13,2012-10-26,91.93,1.06,97.4458,2035448.1882792232,198345877.06541952
14,2012-10-26,90.94,1.06,96.3964,1655267.7892769314,159561855.9222548
15,2012-10-26,93.41,1.06,99.0146,575921.3349565398,57024620.6121878
16,2012-10-26,92.06,1.06,97.5836,551406.9556730496,53808275.7996166
17,2012-10-26,85.49,1.06,90.6194,965074.8820985567,87454506.77084196
18,2012-10-26,95.07,1.06,100.7742,1058979.3144244403,106717793.22767141
19,2012-10-26,92.41,1.06,97.9546,1374956.4119335043,134683305.34838164
20,2012-10-26,84.46,1.06,89.52759999999999,2017245.4957048455,180599147.8412651
21,2012-10-26,88.79,1.06,94.11740000000002,653875.888819538,61541098.578384005
22,2012-10-26,96.84,1.06,102.6504,1008417.3972862826,103514449.19839583
23,2012-10-26,85.47,1.06,90.5982,1397721.160581457,126631021.25059097
24,2012-10-26,99.19,1.06,105.1414,1323609.686657273,139166175.50870702
25,2012-10-26,93.08,1.06,98.6648,691916.8397369512,68267836.60927834
26,2012-10-26,88.71,1.06,94.0326,1011058.5662110097,95072465.7330934
27,2012-10-26,96.03,1.06,101.79180000000001,1683405.735038767,171356899.89991918
28,2012-10-26,99.09,1.06,105.03540000000001,1204294.7584904765,126493581.67595062
29,2012-10-26,101.55,1.06,107.643,522829.50096474605,56278935.97234816
30,2012-10-26,96.91,1.06,102.7246,436251.4753676815,44813758.30655493
31,2012-10-26,88.86,1.06,94.19160000000001,1367777.0012365356,128833104.18967128
32,2012-10-26,103.17,1.06,109.3602,1239603.642587171,135563302.27406153
33,2012-10-26,99.63,1.06,105.6078,264989.51585130655,27984959.79212161
34,2012-10-26,97.8,1.06,103.668,969426.8649895885,100498544.23974067
35,2012-10-26,96.58,1.06,102.37480000000001,860078.852108106,88050400.46879694
36,2012-10-26,100.13,1.06,106.1378,293590.43528092204,31161042.901759446
37,2012-10-26,101.6,1.06,107.696,543290.3600101941,58510198.611657865
38,2012-10-26,97.18,1.06,103.01080000000002,433248.3959881604,44629263.8694572
39,2012-10-26,90.0,1.06,95.4,1551360.18648411,147999761.79058412
40,2012-10-26,102.43,1.06,108.57580000000002,959413.5523252911,104169093.97456035
41,2012-10-26,95.95,1.06,101.70700000000001,1384988.533080187,140863028.7339866
42,2012-10-26,104.54,1.06,110.81240000000001,578381.7976727041,64091875.11642676
43,2012-10-26,100.92,1.06,106.9752,630310.8447914767,67427628.68373719
44,2012-10-26,111.76,1.06,118.46560000000001,349570.34653598326,41412060.84459318
45,2012-10-26,105.01,1.06,111.31060000000001,747802.7387587668,83238371.53288159
1,2012-10-26,84.11,1.08,90.8388,1549488.4342544603,140753669.98155406
2,2012-10-26,86.4,1.08,93.31200000000001,1858218.5247467293,173394086.98116684
3,2012-10-26,83.14,1.08,89.7912,420233.5794142829,37733277.37590376
4,2012-10-26,81.32,1.08,87.8256,2219151.9208161077,194898348.93682712
5,2012-10-26,78.45,1.08,84.72600000000001,331597.65635885485,28094943.03266034
6,2012-10-26,87.67,1.08,94.68360000000001,1484217.438084295,140531050.22059816
7,2012-10-26,92.63,1.08,100.0404,533422.4762570729,53363797.893748075
8,2012-10-26,83.29,1.08,89.95320000000001,911610.6616808731,82002296.17231193
9,2012-10-26,83.83,1.08,90.5364,564140.9950781759,51075294.786795765
10,2012-10-26,87.3,1.08,94.284,1786696.7630121417,168456917.60383677
11,2012-10-26,87.53,1.08,94.53240000000001,1313605.361643995,124178267.4890748
12,2012-10-26,87.24,1.08,94.2192,956778.8758593745,90146940.26036958
13,2012-10-26,91.93,1.08,99.28440000000002,2035448.1882792232,202088252.10438976
14,2012-10-26,90.94,1.08,98.21520000000001,1655267.7892769314,162572456.9773917
15,2012-10-26,93.41,1.08,100.8828,575921.3349565398,58100556.85015362
16,2012-10-26,92.06,1.08,99.4248,551406.9556730496,54823526.28640182
17,2012-10-26,85.49,1.08,92.3292,965074.8820985567,89104591.80425407
18,2012-10-26,95.07,1.08,102.6756,1058546.5812907498,108686905.36197652
19,2012-10-26,92.41,1.08,99.8028,1368717.5300889052,136601841.911957
20,2012-10-26,84.46,1.08,91.2168,2017245.4957048455,184006678.93260977
21,2012-10-26,88.79,1.08,95.89320000000001,653875.888819538,62702251.381749734
22,2012-10-26,96.84,1.08,104.58720000000001,1005539.7709936368,105166589.1368657
23,2012-10-26,85.47,1.08,92.30760000000001,1397721.160581457,129020285.80248891
24,2012-10-26,99.19,1.08,107.1252,1323609.686657273,141791952.4050977
25,2012-10-26,93.08,1.08,100.52640000000001,691916.8397369512,69555908.99813266
26,2012-10-26,88.71,1.08,95.8068,1011058.5662110097,96866285.84126496
27,2012-10-26,96.03,1.08,103.7124,1664743.1872047973,172654511.32865882
28,2012-10-26,99.09,1.08,107.01720000000002,1204294.7584904765,128880253.02832705
29,2012-10-26,101.55,1.08,109.674,522829.50096474605,57340802.68880756
30,2012-10-26,96.91,1.08,104.6628,434194.3694412348,45443998.44995407
31,2012-10-26,88.86,1.08,95.9688,1367777.0012365356,131263917.47626884
32,2012-10-26,103.17,1.08,111.42360000000001,1239603.642587171,138121100.4301759
33,2012-10-26,99.63,1.08,107.60040000000001,265433.8223964506,28560785.463387046
34,2012-10-26,97.8,1.08,105.62400000000001,969426.8649895885,102394743.1876603
35,2012-10-26,96.58,1.08,104.30640000000001,858543.5419803731,89551586.1072216
36,2012-10-26,100.13,1.08,108.1404,293590.43528092204,31748987.107453022
37,2012-10-26,101.6,1.08,109.728,543290.3600101941,59614164.623198576
38,2012-10-26,97.18,1.08,104.95440000000002,432054.2660606073,45345996.26183141
39,2012-10-26,90.0,1.08,97.2,1551360.18648411,150792210.1262555
40,2012-10-26,102.43,1.08,110.62440000000001,959413.5523252911,106134548.57785393
41,2012-10-26,95.95,1.08,103.626,1383065.5203758164,143321547.61446434
42,2012-10-26,104.54,1.08,112.90320000000001,577828.371649508,65238672.21001874
43,2012-10-26,100.92,1.08,108.99360000000001,630310.8447914767,68699848.0928643
44,2012-10-26,111.76,1.08,120.70080000000002,349570.34653598326,42193420.48317041
45,2012-10-26,105.01,1.08,113.41080000000001,747802.7387587668,84808906.84482275
1,2012-10-26,84.11,1.1,92.521,1549488.4342544603,143360219.4256569
2,2012-10-26,86.4,1.1,95.04000000000002,1858218.5247467293,176605088.5919292
3,2012-10-26,83.14,1.1,91.45400000000001,420233.5794142829,38432041.77175383
4,2012-10-26,81.32,1.1,89.452,2219151.9208161077,198507577.62084246
5,2012-10-26,78.45,1.1,86.29500000000002,331597.65635885485,28615219.755487382
6,2012-10-26,87.67,1.1,96.43700000000001,1484217.438084295,143133477.07653517
7,2012-10-26,92.63,1.1,101.893,533422.4762570729,54352016.37326193
8,2012-10-26,83.29,1.1,91.61900000000001,911610.6616808731,83520857.21253993
9,2012-10-26,83.83,1.1,92.21300000000001,564140.9950781759,52021133.57914384
10,2012-10-26,87.3,1.1,96.03,1786696.7630121417,171576490.15205598
11,2012-10-26,87.53,1.1,96.28300000000002,1313605.361643995,126477865.03516878
12,2012-10-26,87.24,1.1,95.964,956778.8758593745,91816328.04296902
13,2012-10-26,91.93,1.1,101.12300000000002,2035448.1882792232,205830627.14335993
14,2012-10-26,90.94,1.1,100.034,1655267.7892769314,165583058.03252858
15,2012-10-26,93.41,1.1,102.751,575580.1547563601,59141436.48137076
16,2012-10-26,92.06,1.1,101.266,551406.9556730496,55838776.77318704
17,2012-10-26,85.49,1.1,94.039,965074.8820985567,90754676.83766618
18,2012-10-26,95.07,1.1,104.577,1056206.8835181827,110454947.25768098
19,2012-10-26,92.41,1.1,101.65100000000001,1368717.5300889052,139131505.65106732
20,2012-10-26,84.46,1.1,92.906,2017245.4957048455,187414210.0239544
21,2012-10-26,88.79,1.1,97.66900000000001,653875.888819538,63863404.18511547
22,2012-10-26,96.84,1.1,106.52400000000002,1005539.7709936368,107114118.56532618
23,2012-10-26,85.47,1.1,94.01700000000001,1397721.160581457,131409550.35438685
24,2012-10-26,99.19,1.1,109.10900000000001,1323609.686657273,144417729.3014884
25,2012-10-26,93.08,1.1,102.388,692361.1462820952,70889473.04553117
26,2012-10-26,88.71,1.1,97.581,1011058.5662110097,98660105.94943655
27,2012-10-26,96.03,1.1,105.63300000000001,1664743.1872047973,175851817.09400436
28,2012-10-26,99.09,1.1,108.99900000000001,1204294.7584904765,131266924.38070346
29,2012-10-26,101.55,1.1,111.70500000000001,522829.50096474605,58402669.40526696
30,2012-10-26,96.91,1.1,106.601,434194.3694412348,46285553.97680507
31,2012-10-26,88.86,1.1,97.74600000000001,1367777.0012365356,133694730.76286642
32,2012-10-26,103.17,1.1,113.48700000000001,1239603.642587171,140678898.58629027
33,2012-10-26,99.63,1.1,109.593,265433.8223964506,29089688.897894215
34,2012-10-26,97.8,1.1,107.58000000000001,969426.8649895885,104290942.13557994
35,2012-10-26,96.58,1.1,106.23800000000001,858543.5419803731,91209948.81291088
36,2012-10-26,100.13,1.1,110.143,293590.43528092204,32336931.3131466
37,2012-10-26,101.6,1.1,111.76,543290.3600101941,60718130.634739295
38,2012-10-26,97.18,1.1,106.89800000000001,432054.2660606073,46185736.9333468
39,2012-10-26,90.0,1.1,99.00000000000001,1551360.18648411,153584658.4619269
40,2012-10-26,102.43,1.1,112.67300000000002,962398.0903319989,108436280.03197733
41,2012-10-26,95.95,1.1,105.54500000000002,1383065.5203758164,145975650.34806556
42,2012-10-26,104.54,1.1,114.99400000000001,577119.4208097034,66365270.67659104
43,2012-10-26,100.92,1.1,111.01200000000001,630310.8447914767,69972067.50199142
44,2012-10-26,111.76,1.1,122.93600000000002,349570.34653598326,42974780.12174764
45,2012-10-26,105.01,1.1,115.51100000000001,747802.7387587668,86379442.15676391
1,2012-10-26,84.11,1.12,94.20320000000001,1549488.4342544603,145966768.8697598
2,2012-10-26,86.4,1.12,96.76800000000001,1858218.5247467293,179816090.20269153
3,2012-10-26,83.14,1.12,93.11680000000001,420233.5794142829,39130806.1676039
4,2012-10-26,81.32,1.12,91.0784,2215043.027186829,201742574.8473329
5,2012-10-26,78.45,1.12,87.86400000000002,331597.65635885485,29135496.47831443
6,2012-10-26,87.67,1.12,98.19040000000001,1484217.438084295,145735903.93247217
7,2012-10-26,92.63,1.12,103.74560000000001,530987.7607799801,55087643.83477551
8,2012-10-26,83.29,1.12,93.28480000000002,911610.6616808731,85039418.25276794
9,2012-10-26,83.83,1.12,93.8896,564140.9950781759,52966972.37149191
10,2012-10-26,87.3,1.12,97.77600000000001,1786696.7630121417,174696062.70027518
11,2012-10-26,87.53,1.12,98.0336,1313605.361643995,128777462.58126275
12,2012-10-26,87.24,1.12,97.7088,956778.8758593745,93485715.82556845
13,2012-10-26,91.93,1.12,102.96160000000002,2033047.6666437725,209325840.6339095
14,2012-10-26,90.94,1.12,101.8528,1655267.7892769314,168593659.08766544
15,2012-10-26,93.41,1.12,104.6192,573581.6371839724,60007652.01687745
16,2012-10-26,92.06,1.12,103.1072,546555.4757237475,56353804.746543586
17,2012-10-26,85.49,1.12,95.7488,965074.8820985567,92404761.8710783
18,2012-10-26,95.07,1.12,106.47840000000001,1056206.8835181827,112463219.02600247
19,2012-10-26,92.41,1.12,103.4992,1365309.3242423176,141308422.81162047
20,2012-10-26,84.46,1.12,94.5952,2017245.4957048455,190821741.11529902
21,2012-10-26,88.79,1.12,99.44480000000001,653875.888819538,65024556.98848121
22,2012-10-26,96.84,1.12,108.46080000000002,1005539.7709936368,109061647.99378666
23,2012-10-26,85.47,1.12,95.72640000000001,1391101.0480885953,133165095.36974813
24,2012-10-26,99.19,1.12,111.09280000000001,1323609.686657273,147043506.1978791
25,2012-10-26,93.08,1.12,104.2496,690021.4485095278,71934459.99853887
26,2012-10-26,88.71,1.12,99.3552,1011058.5662110097,100453926.05760811
27,2012-10-26,96.03,1.12,107.55360000000002,1664743.1872047973,179049122.8593499
28,2012-10-26,99.09,1.12,110.98080000000002,1204294.7584904765,133653595.7330799
29,2012-10-26,101.55,1.12,113.736,522829.50096474605,59464536.12172636
30,2012-10-26,96.91,1.12,108.53920000000001,434194.3694412348,47127109.503656074
31,2012-10-26,88.86,1.12,99.5232,1367777.0012365356,136125544.049464
32,2012-10-26,103.17,1.12,115.55040000000001,1239603.642587171,143236696.74240464
33,2012-10-26,99.63,1.12,111.5856,265433.8223964506,29618592.33240138
34,2012-10-26,97.8,1.12,109.536,969426.8649895885,106187141.08349957
35,2012-10-26,96.58,1.12,108.1696,858543.5419803731,92868311.51860017
36,2012-10-26,100.13,1.12,112.1456,293590.43528092204,32924875.51884017
37,2012-10-26,101.6,1.12,113.792,543290.3600101941,61822096.64628001
38,2012-10-26,97.18,1.12,108.84160000000001,432054.2660606073,47025477.6048622
39,2012-10-26,90.0,1.12,100.80000000000001,1551360.18648411,156377106.7975983
40,2012-10-26,102.43,1.12,114.72160000000002,962398.0903319989,110407848.75983147
41,2012-10-26,95.95,1.12,107.46400000000001,1383065.5203758164,148629753.08166674
42,2012-10-26,104.54,1.12,117.08480000000002,577119.4208097034,67571911.96161997
43,2012-10-26,100.92,1.12,113.03040000000001,630310.8447914767,71244286.91111854
44,2012-10-26,111.76,1.12,125.17120000000001,349570.34653598326,43756139.76032487
45,2012-10-26,105.01,1.12,117.61120000000001,747802.7387587668,87949977.46870509
1,2012-10-26,84.11,1.1400000000000001,95.8854,1549488.4342544603,148573318.31386262
2,2012-10-26,86.4,1.1400000000000001,98.49600000000002,1858218.5247467293,183027091.81345388
3,2012-10-26,83.14,1.1400000000000001,94.77960000000002,420233.5794142829,39829570.56345398
4,2012-10-26,81.32,1.1400000000000001,92.7048,2215043.027186829,205345120.82674956
5,2012-10-26,78.45,1.1400000000000001,89.433,331597.65635885485,29655773.20114147
6,2012-10-26,87.67,1.1400000000000001,99.94380000000001,1484217.438084295,148338330.78840917
7,2012-10-26,92.63,1.1400000000000001,105.5982,530765.6969940297,56047902.22431495
8,2012-10-26,83.29,1.1400000000000001,94.95060000000002,911610.6616808731,86557979.29299593
9,2012-10-26,83.83,1.1400000000000001,95.56620000000001,564140.9950781759,53912811.16383998
10,2012-10-26,87.3,1.1400000000000001,99.522,1786696.7630121417,177815635.2484944
11,2012-10-26,87.53,1.1400000000000001,99.78420000000001,1313605.361643995,131077060.12735674
12,2012-10-26,87.24,1.1400000000000001,99.45360000000001,956778.8758593745,95155103.6081679
13,2012-10-26,91.93,1.1400000000000001,104.80020000000002,2018800.9513242315,211570743.45896977
14,2012-10-26,90.94,1.1400000000000001,103.67160000000001,1633283.7515346024,169325139.7755947
15,2012-10-26,93.41,1.1400000000000001,106.48740000000001,573581.6371839724,61079217.23146455
16,2012-10-26,92.06,1.1400000000000001,104.94840000000002,549349.8497466028,57653387.77114638
17,2012-10-26,85.49,1.1400000000000001,97.4586,965074.8820985567,94054846.90449041
18,2012-10-26,95.07,1.1400000000000001,108.3798,1056206.8835181827,114471490.79432394
19,2012-10-26,92.41,1.1400000000000001,105.34740000000001,1365945.0991826477,143898764.74163407
20,2012-10-26,84.46,1.1400000000000001,96.2844,2017245.4957048455,194229272.20664364
21,2012-10-26,88.79,1.1400000000000001,101.22060000000002,653875.888819538,66185709.791846946
22,2012-10-26,96.84,1.1400000000000001,110.39760000000001,1005539.7709936368,111009177.42224713
23,2012-10-26,85.47,1.1400000000000001,97.43580000000001,1391101.0480885953,135543043.50135076
24,2012-10-26,99.19,1.1400000000000001,113.07660000000001,1323609.686657273,149669283.0942698
25,2012-10-26,93.08,1.1400000000000001,106.11120000000001,690021.4485095278,73219003.92708422
26,2012-10-26,88.71,1.1400000000000001,101.1294,1011058.5662110097,102247746.1657797
27,2012-10-26,96.03,1.1400000000000001,109.47420000000001,1675345.9721769346,183407160.0272922
28,2012-10-26,99.09,1.1400000000000001,112.96260000000002,1204294.7584904765,136040267.08545634
29,2012-10-26,101.55,1.1400000000000001,115.76700000000001,522829.50096474605,60526402.838185765
30,2012-10-26,96.91,1.1400000000000001,110.4774,434194.3694412348,47968665.03050707
31,2012-10-26,88.86,1.1400000000000001,101.30040000000001,1367777.0012365356,138556357.33606157
32,2012-10-26,103.17,1.1400000000000001,117.61380000000001,1239603.642587171,145794494.898519
33,2012-10-26,99.63,1.1400000000000001,113.57820000000001,265433.8223964506,30147495.76690855
34,2012-10-26,97.8,1.1400000000000001,111.492,969426.8649895885,108083340.0314192
35,2012-10-26,96.58,1.1400000000000001,110.1012,858543.5419803731,94526674.22428946
36,2012-10-26,100.13,1.1400000000000001,114.1482,293590.43528092204,33512819.724533748
37,2012-10-26,101.6,1.1400000000000001,115.82400000000001,543290.3600101941,62926062.65782073
38,2012-10-26,97.18,1.1400000000000001,110.78520000000002,432054.2660606073,47865218.276377596
39,2012-10-26,90.0,1.1400000000000001,102.60000000000001,1550927.4533504196,159125156.71375307
40,2012-10-26,102.43,1.1400000000000001,116.77020000000002,962398.0903319989,112379417.48768559
41,2012-10-26,95.95,1.1400000000000001,109.38300000000001,1383065.5203758164,151283855.81526795
42,2012-10-26,104.54,1.1400000000000001,119.17560000000002,577119.4208097034,68778553.2466489
43,2012-10-26,100.92,1.1400000000000001,115.04880000000001,630310.8447914767,72516506.32024565
44,2012-10-26,111.76,1.1400000000000001,127.40640000000002,349570.34653598326,44537499.3989021
45,2012-10-26,105.01,1.1400000000000001,119.71140000000001,747802.7387587668,89520512.78064625
1,2012-10-26,84.11,1.16,97.5676,1549488.4342544603,151179867.75796548
2,2012-10-26,86.4,1.16,100.224,1858218.5247467293,186238093.4242162
3,2012-10-26,83.14,1.16,96.44239999999999,420233.5794142829,40528334.959304035
4,2012-10-26,81.32,1.16,94.33119999999998,2215043.027186829,208947666.80616617
5,2012-10-26,78.45,1.16,91.002,331597.65635885485,30176049.92396851
6,2012-10-26,87.67,1.16,101.6972,1484217.438084295,150940757.64434615
7,2012-10-26,92.63,1.16,107.45079999999999,530765.6969940297,57031198.75456608
8,2012-10-26,83.29,1.16,96.6164,911610.6616808731,88076540.33322391
9,2012-10-26,83.83,1.16,97.24279999999999,564140.9950781759,54858649.95618804
10,2012-10-26,87.3,1.16,101.26799999999999,1786696.7630121417,180935207.79671353
11,2012-10-26,87.53,1.16,101.53479999999999,1313605.361643995,133376657.67345068
12,2012-10-26,87.24,1.16,101.19839999999999,956778.8758593745,96824491.39076732
13,2012-10-26,91.93,1.16,106.6388,2018800.9513242315,215282510.88807446
14,2012-10-26,90.94,1.16,105.4904,1633283.7515346024,172295756.2628858
15,2012-10-26,93.41,1.16,108.3556,573581.6371839724,62150782.446051635
16,2012-10-26,92.06,1.16,106.7896,549349.8497466028,58664850.71449982
17,2012-10-26,85.49,1.16,99.16839999999999,965074.8820985567,95704931.93790251
18,2012-10-26,95.07,1.16,110.28119999999998,1056206.8835181827,116479762.56264539
19,2012-10-26,92.41,1.16,107.19559999999998,1365945.0991826477,146423304.4739434
20,2012-10-26,84.46,1.16,97.97359999999999,2017245.4957048455,197636803.29798824
21,2012-10-26,88.79,1.16,102.9964,653534.7086193584,67311722.26284288
22,2012-10-26,96.84,1.16,112.3344,1005539.7709936368,112956706.85070759
23,2012-10-26,85.47,1.16,99.14519999999999,1390880.0165593997,137899077.417785
24,2012-10-26,99.19,1.16,115.06039999999999,1323609.686657273,152295059.9906605
25,2012-10-26,93.08,1.16,107.97279999999999,689468.0224863318,74443792.8983122
26,2012-10-26,88.71,1.16,102.90359999999998,1010284.6528771397,103961927.80580802
27,2012-10-26,96.03,1.16,111.39479999999999,1675345.9721769346,186624829.5014552
28,2012-10-26,99.09,1.16,114.9444,1204294.7584904765,138426938.43783274
29,2012-10-26,101.55,1.16,117.79799999999999,522829.50096474605,61588269.55464515
30,2012-10-26,96.91,1.16,112.41559999999998,434194.3694412348,48810220.557358064
31,2012-10-26,88.86,1.16,103.07759999999999,1352966.785456923,139460569.1246145
32,2012-10-26,103.17,1.16,119.6772,1239603.642587171,148352293.05463338
33,2012-10-26,99.63,1.16,115.57079999999999,264171.4455334501,30530505.297457255
34,2012-10-26,97.8,1.16,113.448,969426.8649895885,109979538.97933882
35,2012-10-26,96.58,1.16,112.0328,858543.5419803731,96185036.92997874
36,2012-10-26,100.13,1.16,116.15079999999999,293590.43528092204,34100763.93022732
37,2012-10-26,101.6,1.16,117.85599999999998,543290.3600101941,64030028.66936143
38,2012-10-26,97.18,1.16,112.7288,432054.2660606073,48704958.947892986
39,2012-10-26,90.0,1.16,104.39999999999999,1538641.4063625536,160634162.82425058
40,2012-10-26,102.43,1.16,118.8188,962398.0903319989,114350986.21553971
41,2012-10-26,95.95,1.16,111.30199999999999,1383065.5203758164,153937958.5488691
42,2012-10-26,104.54,1.16,121.2664,577119.4208097034,69985194.53167783
43,2012-10-26,100.92,1.16,117.0672,630310.8447914767,73788725.72937277
44,2012-10-26,111.76,1.16,129.6416,349570.34653598326,45318859.03747933
45,2012-10-26,105.01,1.16,121.8116,747802.7387587668,91091048.0925874
1,2012-10-26,84.11,1.18,99.2498,1549488.4342544603,153786417.20206833
2,2012-10-26,86.4,1.18,101.952,1858218.5247467293,189449095.03497854
3,2012-10-26,83.14,1.18,98.1052,420233.5794142829,41227099.355154105
4,2012-10-26,81.32,1.18,95.95759999999999,2215043.027186829,212550212.78558284
5,2012-10-26,78.45,1.18,92.571,331597.65635885485,30696326.646795552
6,2012-10-26,87.67,1.18,103.4506,1475821.2761788766,152674596.5134705
7,2012-10-26,92.63,1.18,109.30339999999998,530765.6969940297,58014495.28481721
8,2012-10-26,83.29,1.18,98.2822,911610.6616808731,89595101.37345192
9,2012-10-26,83.83,1.18,98.9194,564140.9950781759,55804488.74853611
10,2012-10-26,87.3,1.18,103.014,1784296.241376691,183807493.00917843
11,2012-10-26,87.53,1.18,103.2854,1305458.0669713137,134834758.6303589
12,2012-10-26,87.24,1.18,102.94319999999999,955928.387277228,98406327.15715712
13,2012-10-26,91.93,1.18,108.4774,2029403.7362963688,220144440.8637157
14,2012-10-26,90.94,1.18,107.30919999999999,1633283.7515346024,175266372.75017694
15,2012-10-26,93.41,1.18,110.2238,573581.6371839724,63222347.660638735
16,2012-10-26,92.06,1.18,108.6308,549349.8497466028,59676313.65785326
17,2012-10-26,85.49,1.18,100.87819999999999,965074.8820985567,97355016.97131462
18,2012-10-26,95.07,1.18,112.18259999999998,1056206.8835181827,118488034.33096686
19,2012-10-26,92.41,1.18,109.04379999999999,1365945.0991826477,148947844.20625278
20,2012-10-26,84.46,1.18,99.66279999999999,2017245.4957048455,201044334.38933286
21,2012-10-26,88.79,1.18,104.7722,651818.7828930913,68292487.88503154
22,2012-10-26,96.84,1.18,114.2712,1005539.7709936368,114904236.27916807
23,2012-10-26,85.47,1.18,100.85459999999999,1390880.0165593997,140276647.7180916
24,2012-10-26,99.19,1.18,117.04419999999999,1323609.686657273,154920836.88705117
25,2012-10-26,93.08,1.18,109.83439999999999,689245.9587003813,75702916.32628116
26,2012-10-26,88.71,1.18,104.67779999999999,1008730.4418498961,105591683.44587505
27,2012-10-26,96.03,1.18,113.3154,1675345.9721769346,189842498.9756182
28,2012-10-26,99.09,1.18,116.9262,1204294.7584904765,140813609.79020914
29,2012-10-26,101.55,1.18,119.829,522829.50096474605,62650136.27110455
30,2012-10-26,96.91,1.18,114.35379999999999,434194.3694412348,49651776.08420907
31,2012-10-26,88.86,1.18,104.8548,1365287.1621763986,143156912.33257383
32,2012-10-26,103.17,1.18,121.7406,1239603.642587171,150910091.21074775
33,2012-10-26,99.63,1.18,117.56339999999999,264171.4455334501,31056893.319827206
34,2012-10-26,97.8,1.18,115.404,969426.8649895885,111875737.92725846
35,2012-10-26,96.58,1.18,113.9644,858543.5419803731,97843399.63566802
36,2012-10-26,100.13,1.18,118.15339999999999,294034.7418260661,34741204.46487191
37,2012-10-26,101.6,1.18,119.88799999999999,543734.6665553382,65187261.70398638
38,2012-10-26,97.18,1.18,114.6724,432054.2660606073,49544699.61940838
39,2012-10-26,90.0,1.18,106.19999999999999,1538641.4063625536,163403717.35570318
40,2012-10-26,102.43,1.18,120.8674,962398.0903319989,116322554.94339384
41,2012-10-26,95.95,1.18,113.221,1383065.5203758164,156592061.28247032
42,2012-10-26,104.54,1.18,123.3572,577119.4208097034,71191835.81670675
43,2012-10-26,100.92,1.18,119.0856,630310.8447914767,75060945.13849989
44,2012-10-26,111.76,1.18,131.8768,349570.34653598326,46100218.67605656
45,2012-10-26,105.01,1.18,123.9118,747802.7387587668,92661583.40452856
1,2012-10-26,84.11,1.2,100.932,1549488.4342544603,156392966.64617118
2,2012-10-26,86.4,1.2,103.68,1840545.9317015354,190827802.1988152
3,2012-10-26,83.14,1.2,99.768,420233.5794142829,41925863.75100418
4,2012-10-26,81.32,1.2,97.58399999999999,2215043.027186829,216152758.7649995
5,2012-10-26,78.45,1.2,94.14,331597.65635885485,31216603.369622596
6,2012-10-26,87.67,1.2,105.204,1480559.399041248,155760771.01673543
7,2012-10-26,92.63,1.2,111.15599999999999,530765.6969940297,58997791.81506836
8,2012-10-26,83.29,1.2,99.94800000000001,911610.6616808731,91113662.41367991
9,2012-10-26,83.83,1.2,100.59599999999999,564140.9950781759,56750327.540884174
10,2012-10-26,87.3,1.2,104.75999999999999,1772300.6293182545,185666213.92738032
11,2012-10-26,87.53,1.2,105.036,1308252.440994169,137413603.39226356
12,2012-10-26,87.24,1.2,104.68799999999999,954379.8515585857,99912117.8999652
13,2012-10-26,91.93,1.2,110.316,2029403.7362963688,223875702.57327023
14,2012-10-26,90.94,1.2,109.128,1643886.5365067397,179394049.9559075
15,2012-10-26,93.41,1.2,112.092,573581.6371839724,64293912.875225835
16,2012-10-26,92.06,1.2,110.472,549349.8497466028,60687776.601206705
17,2012-10-26,85.49,1.2,102.588,965074.8820985567,99005102.00472674
18,2012-10-26,95.07,1.2,114.08399999999999,1056206.8835181827,120496306.09928834
19,2012-10-26,92.41,1.2,110.892,1365945.0991826477,151472383.93856215
20,2012-10-26,84.46,1.2,101.35199999999999,2019090.8119037831,204638891.9680722
21,2012-10-26,88.79,1.2,106.548,651818.7828930913,69449987.6796931
22,2012-10-26,96.84,1.2,116.208,1005539.7709936368,116851765.70762855
23,2012-10-26,85.47,1.2,102.564,1391227.42023178,142689849.12865227
24,2012-10-26,99.19,1.2,119.02799999999999,1323609.686657273,157546613.78344187
25,2012-10-26,93.08,1.2,111.696,689245.9587003813,76986016.6029978
26,2012-10-26,88.71,1.2,106.45199999999998,1008730.4418498961,107381372.99580513
27,2012-10-26,96.03,1.2,115.23599999999999,1675345.9721769346,193060168.4497812
28,2012-10-26,99.09,1.2,118.908,1204294.7584904765,143200281.14258558
29,2012-10-26,101.55,1.2,121.85999999999999,522829.50096474605,63712002.987563945
30,2012-10-26,96.91,1.2,116.29199999999999,434194.3694412348,50493331.61106007
31,2012-10-26,88.86,1.2,106.63199999999999,1365287.1621763986,145583300.67719373
32,2012-10-26,103.17,1.2,123.804,1239603.642587171,153467889.36686212
33,2012-10-26,99.63,1.2,119.55599999999998,263736.16907424224,31531241.4298401
34,2012-10-26,97.8,1.2,117.35999999999999,969426.8649895885,113771936.8751781
35,2012-10-26,96.58,1.2,115.89599999999999,858543.5419803731,99501762.3413573
36,2012-10-26,100.13,1.2,120.15599999999999,294034.7418260661,35330038.438852794
37,2012-10-26,101.6,1.2,121.91999999999999,543734.6665553382,66292130.546426825
38,2012-10-26,97.18,1.2,116.616,432054.2660606073,50384440.290923774
39,2012-10-26,90.0,1.2,108.0,1549244.191334691,167318372.6641466
40,2012-10-26,102.43,1.2,122.916,962398.0903319989,118294123.67124797
41,2012-10-26,95.95,1.2,115.14,1383065.5203758164,159246164.0160715
42,2012-10-26,104.54,1.2,125.44800000000001,577119.4208097034,72398477.10173568
43,2012-10-26,100.92,1.2,121.104,630310.8447914767,76333164.547627
44,2012-10-26,111.76,1.2,134.112,349570.34653598326,46881578.31463379
45,2012-10-26,105.01,1.2,126.012,747802.7387587668,94232118.71646972
